{ "frames": {
   "0": {
    "frame": { "x": 601, "y": 191, "w": 156, "h": 142 },
    "rotated": false,
    "trimmed": true,
    "spriteSourceSize": { "x": 83, "y": 19, "w": 154, "h": 140 },
    "sourceSize": { "w": 320, "h": 240 },
    "duration": 100
   },
   "1": {
    "frame": { "x": 1, "y": 194, "w": 156, "h": 142 },
    "rotated": false,
    "trimmed": true,
    "spriteSourceSize": { "x": 83, "y": 19, "w": 154, "h": 140 },
    "sourceSize": { "w": 320, "h": 240 },
    "duration": 100
   },
   "2": {
    "frame": { "x": 158, "y": 194, "w": 156, "h": 142 },
    "rotated": false,
    "trimmed": true,
    "spriteSourceSize": { "x": 83, "y": 19, "w": 154, "h": 140 },
    "sourceSize": { "w": 320, "h": 240 },
    "duration": 100
   },
   "3": {
    "frame": { "x": 315, "y": 195, "w": 156, "h": 142 },
    "rotated": false,
    "trimmed": true,
    "spriteSourceSize": { "x": 83, "y": 19, "w": 154, "h": 140 },
    "sourceSize": { "w": 320, "h": 240 },
    "duration": 75
   },
   "4": {
    "frame": { "x": 472, "y": 334, "w": 156, "h": 142 },
    "rotated": false,
    "trimmed": true,
    "spriteSourceSize": { "x": 83, "y": 19, "w": 154, "h": 140 },
    "sourceSize": { "w": 320, "h": 240 },
    "duration": 75
   },
   "5": {
    "frame": { "x": 472, "y": 334, "w": 156, "h": 142 },
    "rotated": false,
    "trimmed": true,
    "spriteSourceSize": { "x": 83, "y": 19, "w": 154, "h": 140 },
    "sourceSize": { "w": 320, "h": 240 },
    "duration": 75
   },
   "6": {
    "frame": { "x": 315, "y": 195, "w": 156, "h": 142 },
    "rotated": false,
    "trimmed": true,
    "spriteSourceSize": { "x": 83, "y": 19, "w": 154, "h": 140 },
    "sourceSize": { "w": 320, "h": 240 },
    "duration": 75
   },
   "7": {
    "frame": { "x": 629, "y": 334, "w": 156, "h": 142 },
    "rotated": false,
    "trimmed": true,
    "spriteSourceSize": { "x": 83, "y": 19, "w": 154, "h": 140 },
    "sourceSize": { "w": 320, "h": 240 },
    "duration": 75
   },
   "8": {
    "frame": { "x": 1, "y": 337, "w": 156, "h": 142 },
    "rotated": false,
    "trimmed": true,
    "spriteSourceSize": { "x": 83, "y": 19, "w": 154, "h": 140 },
    "sourceSize": { "w": 320, "h": 240 },
    "duration": 75
   },
   "9": {
    "frame": { "x": 158, "y": 337, "w": 156, "h": 142 },
    "rotated": false,
    "trimmed": true,
    "spriteSourceSize": { "x": 83, "y": 19, "w": 154, "h": 140 },
    "sourceSize": { "w": 320, "h": 240 },
    "duration": 75
   },
   "10": {
    "frame": { "x": 315, "y": 338, "w": 156, "h": 142 },
    "rotated": false,
    "trimmed": true,
    "spriteSourceSize": { "x": 83, "y": 19, "w": 154, "h": 140 },
    "sourceSize": { "w": 320, "h": 240 },
    "duration": 75
   },
   "11": {
    "frame": { "x": 472, "y": 477, "w": 156, "h": 142 },
    "rotated": false,
    "trimmed": true,
    "spriteSourceSize": { "x": 83, "y": 19, "w": 154, "h": 140 },
    "sourceSize": { "w": 320, "h": 240 },
    "duration": 75
   },
   "12": {
    "frame": { "x": 409, "y": 1, "w": 191, "h": 193 },
    "rotated": false,
    "trimmed": true,
    "spriteSourceSize": { "x": 45, "y": 19, "w": 189, "h": 191 },
    "sourceSize": { "w": 320, "h": 240 },
    "duration": 75
   },
   "13": {
    "frame": { "x": 206, "y": 1, "w": 202, "h": 192 },
    "rotated": false,
    "trimmed": true,
    "spriteSourceSize": { "x": 31, "y": 18, "w": 200, "h": 190 },
    "sourceSize": { "w": 320, "h": 240 },
    "duration": 75
   },
   "14": {
    "frame": { "x": 1, "y": 1, "w": 204, "h": 192 },
    "rotated": false,
    "trimmed": true,
    "spriteSourceSize": { "x": 31, "y": 18, "w": 202, "h": 190 },
    "sourceSize": { "w": 320, "h": 240 },
    "duration": 75
   },
   "15": {
    "frame": { "x": 601, "y": 1, "w": 182, "h": 189 },
    "rotated": false,
    "trimmed": true,
    "spriteSourceSize": { "x": 54, "y": 18, "w": 180, "h": 187 },
    "sourceSize": { "w": 320, "h": 240 },
    "duration": 75
   }
 },
 "meta": {
  "app": "http://www.aseprite.org/",
  "version": "1.2.25-x64",
  "image": "boxer.png",
  "format": "RGBA8888",
  "size": { "w": 785, "h": 619 },
  "scale": "1",
  "frameTags": [
   { "name": "boxer_idle", "from": 0, "to": 2, "direction": "forward" },
   { "name": "boxer_hit", "from": 3, "to": 9, "direction": "forward" },
   { "name": "boxer_attack", "from": 10, "to": 15, "direction": "forward" }
  ],
  "layers": [
   { "name": "Layer 6", "opacity": 255, "blendMode": "normal" },
   { "name": "Layer 5", "opacity": 255, "blendMode": "normal" },
   { "name": "Layer 3", "opacity": 255, "blendMode": "normal" }
  ],
  "slices": [
  ]
 }
}
