{ "frames": {
   "3": {
    "frame": { "x": 1885, "y": 491, "w": 26, "h": 4 },
    "rotated": false,
    "trimmed": true,
    "spriteSourceSize": { "x": 180, "y": 0, "w": 24, "h": 2 },
    "sourceSize": { "w": 384, "h": 256 },
    "duration": 100
   },
   "4": {
    "frame": { "x": 1050, "y": 634, "w": 80, "h": 12 },
    "rotated": false,
    "trimmed": true,
    "spriteSourceSize": { "x": 153, "y": 0, "w": 78, "h": 10 },
    "sourceSize": { "w": 384, "h": 256 },
    "duration": 100
   },
   "5": {
    "frame": { "x": 182, "y": 1280, "w": 212, "h": 20 },
    "rotated": false,
    "trimmed": true,
    "spriteSourceSize": { "x": 88, "y": 0, "w": 210, "h": 18 },
    "sourceSize": { "w": 384, "h": 256 },
    "duration": 100
   },
   "6": {
    "frame": { "x": 182, "y": 1241, "w": 216, "h": 38 },
    "rotated": false,
    "trimmed": true,
    "spriteSourceSize": { "x": 86, "y": 0, "w": 214, "h": 36 },
    "sourceSize": { "w": 384, "h": 256 },
    "duration": 100
   },
   "7": {
    "frame": { "x": 1921, "y": 1236, "w": 218, "h": 53 },
    "rotated": false,
    "trimmed": true,
    "spriteSourceSize": { "x": 85, "y": 0, "w": 216, "h": 51 },
    "sourceSize": { "w": 384, "h": 256 },
    "duration": 100
   },
   "8": {
    "frame": { "x": 1320, "y": 1235, "w": 224, "h": 78 },
    "rotated": false,
    "trimmed": true,
    "spriteSourceSize": { "x": 82, "y": 3, "w": 222, "h": 76 },
    "sourceSize": { "w": 384, "h": 256 },
    "duration": 100
   },
   "9": {
    "frame": { "x": 842, "y": 1230, "w": 231, "h": 88 },
    "rotated": false,
    "trimmed": true,
    "spriteSourceSize": { "x": 79, "y": 15, "w": 229, "h": 86 },
    "sourceSize": { "w": 384, "h": 256 },
    "duration": 100
   },
   "10": {
    "frame": { "x": 1675, "y": 1202, "w": 245, "h": 103 },
    "rotated": false,
    "trimmed": true,
    "spriteSourceSize": { "x": 72, "y": 35, "w": 243, "h": 101 },
    "sourceSize": { "w": 384, "h": 256 },
    "duration": 100
   },
   "11": {
    "frame": { "x": 585, "y": 1183, "w": 256, "h": 112 },
    "rotated": false,
    "trimmed": true,
    "spriteSourceSize": { "x": 67, "y": 46, "w": 254, "h": 110 },
    "sourceSize": { "w": 384, "h": 256 },
    "duration": 100
   },
   "12": {
    "frame": { "x": 182, "y": 1116, "w": 272, "h": 124 },
    "rotated": false,
    "trimmed": true,
    "spriteSourceSize": { "x": 59, "y": 56, "w": 270, "h": 122 },
    "sourceSize": { "w": 384, "h": 256 },
    "duration": 100
   },
   "13": {
    "frame": { "x": 1926, "y": 1103, "w": 282, "h": 132 },
    "rotated": false,
    "trimmed": true,
    "spriteSourceSize": { "x": 54, "y": 60, "w": 280, "h": 130 },
    "sourceSize": { "w": 384, "h": 256 },
    "duration": 100
   },
   "14": {
    "frame": { "x": 872, "y": 1087, "w": 294, "h": 142 },
    "rotated": false,
    "trimmed": true,
    "spriteSourceSize": { "x": 48, "y": 63, "w": 292, "h": 140 },
    "sourceSize": { "w": 384, "h": 256 },
    "duration": 100
   },
   "15": {
    "frame": { "x": 1373, "y": 1084, "w": 301, "h": 150 },
    "rotated": false,
    "trimmed": true,
    "spriteSourceSize": { "x": 44, "y": 62, "w": 299, "h": 148 },
    "sourceSize": { "w": 384, "h": 256 },
    "duration": 100
   },
   "16": {
    "frame": { "x": 269, "y": 959, "w": 308, "h": 156 },
    "rotated": false,
    "trimmed": true,
    "spriteSourceSize": { "x": 41, "y": 62, "w": 306, "h": 154 },
    "sourceSize": { "w": 384, "h": 256 },
    "duration": 100
   },
   "17": {
    "frame": { "x": 1926, "y": 943, "w": 311, "h": 159 },
    "rotated": false,
    "trimmed": true,
    "spriteSourceSize": { "x": 39, "y": 61, "w": 309, "h": 157 },
    "sourceSize": { "w": 384, "h": 256 },
    "duration": 100
   },
   "18": {
    "frame": { "x": 1028, "y": 910, "w": 344, "h": 176 },
    "rotated": false,
    "trimmed": true,
    "spriteSourceSize": { "x": 28, "y": 55, "w": 342, "h": 174 },
    "sourceSize": { "w": 384, "h": 256 },
    "duration": 100
   },
   "19": {
    "frame": { "x": 663, "y": 721, "w": 364, "h": 202 },
    "rotated": false,
    "trimmed": true,
    "spriteSourceSize": { "x": 22, "y": 44, "w": 362, "h": 200 },
    "sourceSize": { "w": 384, "h": 256 },
    "duration": 100
   },
   "20": {
    "frame": { "x": 1848, "y": 703, "w": 315, "h": 239 },
    "rotated": false,
    "trimmed": true,
    "spriteSourceSize": { "x": 71, "y": 19, "w": 313, "h": 237 },
    "sourceSize": { "w": 384, "h": 256 },
    "duration": 100
   },
   "21": {
    "frame": { "x": 2209, "y": 1103, "w": 104, "h": 258 },
    "rotated": false,
    "trimmed": true,
    "spriteSourceSize": { "x": 158, "y": 0, "w": 102, "h": 256 },
    "sourceSize": { "w": 384, "h": 256 },
    "duration": 100
   },
   "22": {
    "frame": { "x": 1, "y": 1, "w": 386, "h": 258 },
    "rotated": false,
    "trimmed": false,
    "spriteSourceSize": { "x": 0, "y": 0, "w": 384, "h": 256 },
    "sourceSize": { "w": 384, "h": 256 },
    "duration": 100
   },
   "23": {
    "frame": { "x": 1936, "y": 1, "w": 371, "h": 258 },
    "rotated": false,
    "trimmed": true,
    "spriteSourceSize": { "x": 15, "y": 0, "w": 369, "h": 256 },
    "sourceSize": { "w": 384, "h": 256 },
    "duration": 100
   },
   "24": {
    "frame": { "x": 388, "y": 1, "w": 386, "h": 258 },
    "rotated": false,
    "trimmed": false,
    "spriteSourceSize": { "x": 0, "y": 0, "w": 384, "h": 256 },
    "sourceSize": { "w": 384, "h": 256 },
    "duration": 100
   },
   "25": {
    "frame": { "x": 1, "y": 769, "w": 267, "h": 258 },
    "rotated": false,
    "trimmed": true,
    "spriteSourceSize": { "x": 0, "y": 0, "w": 265, "h": 256 },
    "sourceSize": { "w": 384, "h": 256 },
    "duration": 100
   },
   "26": {
    "frame": { "x": 1167, "y": 1087, "w": 152, "h": 239 },
    "rotated": false,
    "trimmed": true,
    "spriteSourceSize": { "x": 149, "y": 19, "w": 150, "h": 237 },
    "sourceSize": { "w": 384, "h": 256 },
    "duration": 100
   },
   "27": {
    "frame": { "x": 316, "y": 510, "w": 346, "h": 227 },
    "rotated": false,
    "trimmed": true,
    "spriteSourceSize": { "x": 8, "y": 31, "w": 344, "h": 225 },
    "sourceSize": { "w": 384, "h": 256 },
    "duration": 100
   },
   "28": {
    "frame": { "x": 1, "y": 1028, "w": 180, "h": 258 },
    "rotated": false,
    "trimmed": true,
    "spriteSourceSize": { "x": 109, "y": 0, "w": 178, "h": 256 },
    "sourceSize": { "w": 384, "h": 256 },
    "duration": 100
   },
   "29": {
    "frame": { "x": 640, "y": 924, "w": 231, "h": 258 },
    "rotated": false,
    "trimmed": true,
    "spriteSourceSize": { "x": 31, "y": 0, "w": 229, "h": 256 },
    "sourceSize": { "w": 384, "h": 256 },
    "duration": 100
   },
   "30": {
    "frame": { "x": 1, "y": 510, "w": 314, "h": 258 },
    "rotated": false,
    "trimmed": true,
    "spriteSourceSize": { "x": 16, "y": 0, "w": 312, "h": 256 },
    "sourceSize": { "w": 384, "h": 256 },
    "duration": 100
   },
   "31": {
    "frame": { "x": 775, "y": 260, "w": 368, "h": 258 },
    "rotated": false,
    "trimmed": true,
    "spriteSourceSize": { "x": 0, "y": 0, "w": 366, "h": 256 },
    "sourceSize": { "w": 384, "h": 256 },
    "duration": 100
   },
   "32": {
    "frame": { "x": 1918, "y": 260, "w": 386, "h": 224 },
    "rotated": false,
    "trimmed": true,
    "spriteSourceSize": { "x": 0, "y": 34, "w": 384, "h": 222 },
    "sourceSize": { "w": 384, "h": 256 },
    "duration": 100
   },
   "33": {
    "frame": { "x": 1531, "y": 491, "w": 316, "h": 258 },
    "rotated": false,
    "trimmed": true,
    "spriteSourceSize": { "x": 70, "y": 0, "w": 314, "h": 256 },
    "sourceSize": { "w": 384, "h": 256 },
    "duration": 100
   },
   "34": {
    "frame": { "x": 1727, "y": 943, "w": 198, "h": 258 },
    "rotated": false,
    "trimmed": true,
    "spriteSourceSize": { "x": 151, "y": 0, "w": 196, "h": 256 },
    "sourceSize": { "w": 384, "h": 256 },
    "duration": 100
   },
   "35": {
    "frame": { "x": 1531, "y": 260, "w": 386, "h": 230 },
    "rotated": false,
    "trimmed": true,
    "spriteSourceSize": { "x": 0, "y": 28, "w": 384, "h": 228 },
    "sourceSize": { "w": 384, "h": 256 },
    "duration": 100
   },
   "36": {
    "frame": { "x": 1144, "y": 506, "w": 386, "h": 210 },
    "rotated": false,
    "trimmed": true,
    "spriteSourceSize": { "x": 0, "y": 38, "w": 384, "h": 208 },
    "sourceSize": { "w": 384, "h": 256 },
    "duration": 100
   },
   "37": {
    "frame": { "x": 1144, "y": 506, "w": 386, "h": 210 },
    "rotated": false,
    "trimmed": true,
    "spriteSourceSize": { "x": 0, "y": 38, "w": 384, "h": 208 },
    "sourceSize": { "w": 384, "h": 256 },
    "duration": 100
   },
   "38": {
    "frame": { "x": 1144, "y": 506, "w": 386, "h": 210 },
    "rotated": false,
    "trimmed": true,
    "spriteSourceSize": { "x": 0, "y": 38, "w": 384, "h": 208 },
    "sourceSize": { "w": 384, "h": 256 },
    "duration": 100
   },
   "39": {
    "frame": { "x": 1918, "y": 485, "w": 386, "h": 217 },
    "rotated": false,
    "trimmed": true,
    "spriteSourceSize": { "x": 0, "y": 17, "w": 384, "h": 215 },
    "sourceSize": { "w": 384, "h": 256 },
    "duration": 100
   },
   "40": {
    "frame": { "x": 1050, "y": 717, "w": 386, "h": 192 },
    "rotated": false,
    "trimmed": true,
    "spriteSourceSize": { "x": 0, "y": 0, "w": 384, "h": 190 },
    "sourceSize": { "w": 384, "h": 256 },
    "duration": 100
   },
   "41": {
    "frame": { "x": 1373, "y": 938, "w": 353, "h": 145 },
    "rotated": false,
    "trimmed": true,
    "spriteSourceSize": { "x": 0, "y": 0, "w": 351, "h": 143 },
    "sourceSize": { "w": 384, "h": 256 },
    "duration": 100
   },
   "42": {
    "frame": { "x": 1848, "y": 491, "w": 36, "h": 46 },
    "rotated": false,
    "trimmed": true,
    "spriteSourceSize": { "x": 23, "y": 98, "w": 34, "h": 44 },
    "sourceSize": { "w": 384, "h": 256 },
    "duration": 100
   },
   "43": {
    "frame": { "x": 1848, "y": 538, "w": 37, "h": 43 },
    "rotated": false,
    "trimmed": true,
    "spriteSourceSize": { "x": 24, "y": 99, "w": 35, "h": 41 },
    "sourceSize": { "w": 384, "h": 256 },
    "duration": 100
   },
   "44": {
    "frame": { "x": 1050, "y": 519, "w": 78, "h": 114 },
    "rotated": false,
    "trimmed": true,
    "spriteSourceSize": { "x": 283, "y": 65, "w": 76, "h": 112 },
    "sourceSize": { "w": 384, "h": 256 },
    "duration": 100
   },
   "45": {
    "frame": { "x": 2238, "y": 919, "w": 77, "h": 107 },
    "rotated": false,
    "trimmed": true,
    "spriteSourceSize": { "x": 278, "y": 64, "w": 75, "h": 105 },
    "sourceSize": { "w": 384, "h": 256 },
    "duration": 100
   },
   "46": {
    "frame": { "x": 2164, "y": 703, "w": 77, "h": 107 },
    "rotated": false,
    "trimmed": true,
    "spriteSourceSize": { "x": 279, "y": 65, "w": 75, "h": 105 },
    "sourceSize": { "w": 384, "h": 256 },
    "duration": 100
   },
   "47": {
    "frame": { "x": 2164, "y": 811, "w": 77, "h": 107 },
    "rotated": false,
    "trimmed": true,
    "spriteSourceSize": { "x": 279, "y": 65, "w": 75, "h": 105 },
    "sourceSize": { "w": 384, "h": 256 },
    "duration": 100
   },
   "48": {
    "frame": { "x": 775, "y": 1, "w": 386, "h": 258 },
    "rotated": false,
    "trimmed": false,
    "spriteSourceSize": { "x": 0, "y": 0, "w": 384, "h": 256 },
    "sourceSize": { "w": 384, "h": 256 },
    "duration": 100
   },
   "49": {
    "frame": { "x": 1144, "y": 260, "w": 386, "h": 245 },
    "rotated": false,
    "trimmed": true,
    "spriteSourceSize": { "x": 0, "y": 13, "w": 384, "h": 243 },
    "sourceSize": { "w": 384, "h": 256 },
    "duration": 100
   },
   "50": {
    "frame": { "x": 388, "y": 260, "w": 386, "h": 249 },
    "rotated": false,
    "trimmed": true,
    "spriteSourceSize": { "x": 0, "y": 9, "w": 384, "h": 247 },
    "sourceSize": { "w": 384, "h": 256 },
    "duration": 100
   },
   "51": {
    "frame": { "x": 1, "y": 260, "w": 386, "h": 249 },
    "rotated": false,
    "trimmed": true,
    "spriteSourceSize": { "x": 0, "y": 9, "w": 384, "h": 247 },
    "sourceSize": { "w": 384, "h": 256 },
    "duration": 100
   },
   "52": {
    "frame": { "x": 316, "y": 738, "w": 323, "h": 220 },
    "rotated": false,
    "trimmed": true,
    "spriteSourceSize": { "x": 27, "y": 0, "w": 321, "h": 218 },
    "sourceSize": { "w": 384, "h": 256 },
    "duration": 100
   },
   "53": {
    "frame": { "x": 455, "y": 1116, "w": 129, "h": 258 },
    "rotated": false,
    "trimmed": true,
    "spriteSourceSize": { "x": 131, "y": 0, "w": 127, "h": 256 },
    "sourceSize": { "w": 384, "h": 256 },
    "duration": 100
   },
   "54": {
    "frame": { "x": 1437, "y": 750, "w": 379, "h": 187 },
    "rotated": false,
    "trimmed": true,
    "spriteSourceSize": { "x": 7, "y": 54, "w": 377, "h": 185 },
    "sourceSize": { "w": 384, "h": 256 },
    "duration": 100
   },
   "55": {
    "frame": { "x": 663, "y": 519, "w": 386, "h": 201 },
    "rotated": false,
    "trimmed": true,
    "spriteSourceSize": { "x": 0, "y": 47, "w": 384, "h": 199 },
    "sourceSize": { "w": 384, "h": 256 },
    "duration": 100
   },
   "56": {
    "frame": { "x": 1549, "y": 1, "w": 386, "h": 258 },
    "rotated": false,
    "trimmed": false,
    "spriteSourceSize": { "x": 0, "y": 0, "w": 384, "h": 256 },
    "sourceSize": { "w": 384, "h": 256 },
    "duration": 100
   },
   "57": {
    "frame": { "x": 1162, "y": 1, "w": 386, "h": 258 },
    "rotated": false,
    "trimmed": false,
    "spriteSourceSize": { "x": 0, "y": 0, "w": 384, "h": 256 },
    "sourceSize": { "w": 384, "h": 256 },
    "duration": 100
   }
 },
 "meta": {
  "app": "http://www.aseprite.org/",
  "version": "1.2.25-x64",
  "image": "court_logo.png",
  "format": "I8",
  "size": { "w": 2315, "h": 1374 },
  "scale": "1",
  "frameTags": [
   { "name": "go", "from": 0, "to": 54, "direction": "forward" }
  ],
  "layers": [
   { "name": "Layer", "opacity": 255, "blendMode": "normal" }
  ],
  "slices": [
  ]
 }
}
