{ "frames": {
   "0": {
    "frame": { "x": 1, "y": 1, "w": 127, "h": 126 },
    "rotated": false,
    "trimmed": true,
    "spriteSourceSize": { "x": 19, "y": 38, "w": 125, "h": 124 },
    "sourceSize": { "w": 184, "h": 162 },
    "duration": 100
   },
   "1": {
    "frame": { "x": 129, "y": 1, "w": 127, "h": 125 },
    "rotated": false,
    "trimmed": true,
    "spriteSourceSize": { "x": 19, "y": 39, "w": 125, "h": 123 },
    "sourceSize": { "w": 184, "h": 162 },
    "duration": 100
   },
   "2": {
    "frame": { "x": 129, "y": 127, "w": 127, "h": 120 },
    "rotated": false,
    "trimmed": true,
    "spriteSourceSize": { "x": 19, "y": 44, "w": 125, "h": 118 },
    "sourceSize": { "w": 184, "h": 162 },
    "duration": 100
   }
 },
 "meta": {
  "app": "http://www.aseprite.org/",
  "version": "1.2.25-x64",
  "image": "dizzy_sheep.png",
  "format": "RGBA8888",
  "size": { "w": 256, "h": 247 },
  "scale": "1",
  "frameTags": [
   { "name": "dizzy", "from": 0, "to": 2, "direction": "pingpong" }
  ],
  "layers": [
   { "name": "Layer 4", "opacity": 255, "blendMode": "normal" },
   { "name": "Layer 2", "opacity": 255, "blendMode": "normal" },
   { "name": "Layer 6", "opacity": 255, "blendMode": "normal" },
   { "name": "Layer 5", "opacity": 255, "blendMode": "normal" }
  ],
  "slices": [
  ]
 }
}
