{ "frames": {
   "0": {
    "frame": { "x": 169, "y": 1, "w": 25, "h": 28 },
    "rotated": false,
    "trimmed": true,
    "spriteSourceSize": { "x": 5, "y": 3, "w": 23, "h": 26 },
    "sourceSize": { "w": 33, "h": 32 },
    "duration": 100
   },
   "1": {
    "frame": { "x": 195, "y": 1, "w": 25, "h": 28 },
    "rotated": false,
    "trimmed": true,
    "spriteSourceSize": { "x": 5, "y": 3, "w": 23, "h": 26 },
    "sourceSize": { "w": 33, "h": 32 },
    "duration": 100
   },
   "2": {
    "frame": { "x": 57, "y": 28, "w": 25, "h": 28 },
    "rotated": false,
    "trimmed": true,
    "spriteSourceSize": { "x": 5, "y": 3, "w": 23, "h": 26 },
    "sourceSize": { "w": 33, "h": 32 },
    "duration": 100
   },
   "3": {
    "frame": { "x": 161, "y": 56, "w": 24, "h": 29 },
    "rotated": false,
    "trimmed": true,
    "spriteSourceSize": { "x": 7, "y": 3, "w": 22, "h": 27 },
    "sourceSize": { "w": 33, "h": 32 },
    "duration": 100
   },
   "4": {
    "frame": { "x": 129, "y": 85, "w": 24, "h": 28 },
    "rotated": false,
    "trimmed": true,
    "spriteSourceSize": { "x": 7, "y": 3, "w": 22, "h": 26 },
    "sourceSize": { "w": 33, "h": 32 },
    "duration": 100
   },
   "5": {
    "frame": { "x": 186, "y": 56, "w": 24, "h": 29 },
    "rotated": false,
    "trimmed": true,
    "spriteSourceSize": { "x": 7, "y": 3, "w": 22, "h": 27 },
    "sourceSize": { "w": 33, "h": 32 },
    "duration": 100
   },
   "6": {
    "frame": { "x": 26, "y": 86, "w": 23, "h": 29 },
    "rotated": false,
    "trimmed": true,
    "spriteSourceSize": { "x": 8, "y": 2, "w": 21, "h": 27 },
    "sourceSize": { "w": 33, "h": 32 },
    "duration": 100
   },
   "7": {
    "frame": { "x": 50, "y": 87, "w": 23, "h": 29 },
    "rotated": false,
    "trimmed": true,
    "spriteSourceSize": { "x": 8, "y": 2, "w": 21, "h": 27 },
    "sourceSize": { "w": 33, "h": 32 },
    "duration": 100
   },
   "8": {
    "frame": { "x": 198, "y": 116, "w": 23, "h": 28 },
    "rotated": false,
    "trimmed": true,
    "spriteSourceSize": { "x": 8, "y": 2, "w": 21, "h": 26 },
    "sourceSize": { "w": 33, "h": 32 },
    "duration": 100
   },
   "9": {
    "frame": { "x": 154, "y": 86, "w": 23, "h": 29 },
    "rotated": false,
    "trimmed": true,
    "spriteSourceSize": { "x": 9, "y": 2, "w": 21, "h": 27 },
    "sourceSize": { "w": 33, "h": 32 },
    "duration": 100
   },
   "10": {
    "frame": { "x": 178, "y": 86, "w": 23, "h": 29 },
    "rotated": false,
    "trimmed": true,
    "spriteSourceSize": { "x": 9, "y": 2, "w": 21, "h": 27 },
    "sourceSize": { "w": 33, "h": 32 },
    "duration": 100
   },
   "11": {
    "frame": { "x": 51, "y": 117, "w": 23, "h": 28 },
    "rotated": false,
    "trimmed": true,
    "spriteSourceSize": { "x": 9, "y": 2, "w": 21, "h": 26 },
    "sourceSize": { "w": 33, "h": 32 },
    "duration": 100
   },
   "12": {
    "frame": { "x": 135, "y": 28, "w": 25, "h": 28 },
    "rotated": false,
    "trimmed": true,
    "spriteSourceSize": { "x": 5, "y": 2, "w": 23, "h": 26 },
    "sourceSize": { "w": 33, "h": 32 },
    "duration": 100
   },
   "13": {
    "frame": { "x": 1, "y": 29, "w": 25, "h": 28 },
    "rotated": false,
    "trimmed": true,
    "spriteSourceSize": { "x": 5, "y": 2, "w": 23, "h": 26 },
    "sourceSize": { "w": 33, "h": 32 },
    "duration": 100
   },
   "14": {
    "frame": { "x": 27, "y": 29, "w": 25, "h": 28 },
    "rotated": false,
    "trimmed": true,
    "spriteSourceSize": { "x": 5, "y": 2, "w": 23, "h": 26 },
    "sourceSize": { "w": 33, "h": 32 },
    "duration": 100
   },
   "15": {
    "frame": { "x": 74, "y": 87, "w": 23, "h": 29 },
    "rotated": false,
    "trimmed": true,
    "spriteSourceSize": { "x": 3, "y": 2, "w": 21, "h": 27 },
    "sourceSize": { "w": 33, "h": 32 },
    "duration": 100
   },
   "16": {
    "frame": { "x": 98, "y": 113, "w": 23, "h": 29 },
    "rotated": false,
    "trimmed": true,
    "spriteSourceSize": { "x": 3, "y": 2, "w": 21, "h": 27 },
    "sourceSize": { "w": 33, "h": 32 },
    "duration": 100
   },
   "17": {
    "frame": { "x": 75, "y": 117, "w": 23, "h": 28 },
    "rotated": false,
    "trimmed": true,
    "spriteSourceSize": { "x": 3, "y": 2, "w": 21, "h": 26 },
    "sourceSize": { "w": 33, "h": 32 },
    "duration": 100
   },
   "18": {
    "frame": { "x": 122, "y": 114, "w": 23, "h": 29 },
    "rotated": false,
    "trimmed": true,
    "spriteSourceSize": { "x": 4, "y": 2, "w": 21, "h": 27 },
    "sourceSize": { "w": 33, "h": 32 },
    "duration": 100
   },
   "19": {
    "frame": { "x": 1, "y": 115, "w": 23, "h": 29 },
    "rotated": false,
    "trimmed": true,
    "spriteSourceSize": { "x": 4, "y": 2, "w": 21, "h": 27 },
    "sourceSize": { "w": 33, "h": 32 },
    "duration": 100
   },
   "20": {
    "frame": { "x": 25, "y": 143, "w": 23, "h": 28 },
    "rotated": false,
    "trimmed": true,
    "spriteSourceSize": { "x": 4, "y": 2, "w": 21, "h": 26 },
    "sourceSize": { "w": 33, "h": 32 },
    "duration": 100
   },
   "21": {
    "frame": { "x": 53, "y": 57, "w": 24, "h": 29 },
    "rotated": false,
    "trimmed": true,
    "spriteSourceSize": { "x": 4, "y": 3, "w": 22, "h": 27 },
    "sourceSize": { "w": 33, "h": 32 },
    "duration": 100
   },
   "22": {
    "frame": { "x": 1, "y": 86, "w": 24, "h": 28 },
    "rotated": false,
    "trimmed": true,
    "spriteSourceSize": { "x": 4, "y": 3, "w": 22, "h": 26 },
    "sourceSize": { "w": 33, "h": 32 },
    "duration": 100
   },
   "23": {
    "frame": { "x": 78, "y": 57, "w": 24, "h": 29 },
    "rotated": false,
    "trimmed": true,
    "spriteSourceSize": { "x": 4, "y": 3, "w": 22, "h": 27 },
    "sourceSize": { "w": 33, "h": 32 },
    "duration": 100
   },
   "24": {
    "frame": { "x": 109, "y": 28, "w": 25, "h": 28 },
    "rotated": false,
    "trimmed": true,
    "spriteSourceSize": { "x": 5, "y": 3, "w": 23, "h": 26 },
    "sourceSize": { "w": 33, "h": 32 },
    "duration": 100
   },
   "25": {
    "frame": { "x": 83, "y": 28, "w": 25, "h": 28 },
    "rotated": false,
    "trimmed": true,
    "spriteSourceSize": { "x": 5, "y": 3, "w": 23, "h": 26 },
    "sourceSize": { "w": 33, "h": 32 },
    "duration": 100
   },
   "26": {
    "frame": { "x": 26, "y": 172, "w": 25, "h": 24 },
    "rotated": false,
    "trimmed": true,
    "spriteSourceSize": { "x": 5, "y": 4, "w": 23, "h": 22 },
    "sourceSize": { "w": 33, "h": 32 },
    "duration": 100
   },
   "27": {
    "frame": { "x": 129, "y": 57, "w": 25, "h": 27 },
    "rotated": false,
    "trimmed": true,
    "spriteSourceSize": { "x": 5, "y": 2, "w": 23, "h": 25 },
    "sourceSize": { "w": 33, "h": 32 },
    "duration": 100
   },
   "28": {
    "frame": { "x": 146, "y": 116, "w": 25, "h": 26 },
    "rotated": false,
    "trimmed": true,
    "spriteSourceSize": { "x": 5, "y": 3, "w": 23, "h": 24 },
    "sourceSize": { "w": 33, "h": 32 },
    "duration": 100
   },
   "29": {
    "frame": { "x": 25, "y": 116, "w": 25, "h": 26 },
    "rotated": false,
    "trimmed": true,
    "spriteSourceSize": { "x": 5, "y": 4, "w": 23, "h": 24 },
    "sourceSize": { "w": 33, "h": 32 },
    "duration": 100
   },
   "30": {
    "frame": { "x": 1, "y": 1, "w": 27, "h": 27 },
    "rotated": false,
    "trimmed": true,
    "spriteSourceSize": { "x": 7, "y": 4, "w": 25, "h": 25 },
    "sourceSize": { "w": 33, "h": 32 },
    "duration": 100
   },
   "31": {
    "frame": { "x": 161, "y": 30, "w": 28, "h": 25 },
    "rotated": false,
    "trimmed": true,
    "spriteSourceSize": { "x": 7, "y": 5, "w": 26, "h": 23 },
    "sourceSize": { "w": 33, "h": 32 },
    "duration": 100
   },
   "32": {
    "frame": { "x": 75, "y": 170, "w": 26, "h": 24 },
    "rotated": false,
    "trimmed": true,
    "spriteSourceSize": { "x": 7, "y": 5, "w": 24, "h": 22 },
    "sourceSize": { "w": 33, "h": 32 },
    "duration": 100
   },
   "33": {
    "frame": { "x": 27, "y": 58, "w": 25, "h": 27 },
    "rotated": false,
    "trimmed": true,
    "spriteSourceSize": { "x": 6, "y": 3, "w": 23, "h": 25 },
    "sourceSize": { "w": 33, "h": 32 },
    "duration": 100
   },
   "34": {
    "frame": { "x": 141, "y": 1, "w": 27, "h": 26 },
    "rotated": false,
    "trimmed": true,
    "spriteSourceSize": { "x": 6, "y": 2, "w": 25, "h": 24 },
    "sourceSize": { "w": 33, "h": 32 },
    "duration": 100
   },
   "35": {
    "frame": { "x": 131, "y": 195, "w": 26, "h": 23 },
    "rotated": false,
    "trimmed": true,
    "spriteSourceSize": { "x": 7, "y": 5, "w": 24, "h": 21 },
    "sourceSize": { "w": 33, "h": 32 },
    "duration": 100
   },
   "36": {
    "frame": { "x": 99, "y": 144, "w": 25, "h": 25 },
    "rotated": false,
    "trimmed": true,
    "spriteSourceSize": { "x": 6, "y": 3, "w": 23, "h": 23 },
    "sourceSize": { "w": 33, "h": 32 },
    "duration": 100
   },
   "37": {
    "frame": { "x": 1, "y": 172, "w": 24, "h": 26 },
    "rotated": false,
    "trimmed": true,
    "spriteSourceSize": { "x": 8, "y": 2, "w": 22, "h": 24 },
    "sourceSize": { "w": 33, "h": 32 },
    "duration": 100
   },
   "38": {
    "frame": { "x": 57, "y": 1, "w": 27, "h": 26 },
    "rotated": false,
    "trimmed": true,
    "spriteSourceSize": { "x": 7, "y": 3, "w": 25, "h": 24 },
    "sourceSize": { "w": 33, "h": 32 },
    "duration": 100
   },
   "39": {
    "frame": { "x": 75, "y": 146, "w": 24, "h": 21 },
    "rotated": false,
    "trimmed": true,
    "spriteSourceSize": { "x": 6, "y": 5, "w": 22, "h": 19 },
    "sourceSize": { "w": 33, "h": 32 },
    "duration": 100
   },
   "40": {
    "frame": { "x": 52, "y": 195, "w": 25, "h": 24 },
    "rotated": false,
    "trimmed": true,
    "spriteSourceSize": { "x": 8, "y": 4, "w": 23, "h": 22 },
    "sourceSize": { "w": 33, "h": 32 },
    "duration": 100
   },
   "41": {
    "frame": { "x": 103, "y": 57, "w": 25, "h": 27 },
    "rotated": false,
    "trimmed": true,
    "spriteSourceSize": { "x": 7, "y": 3, "w": 23, "h": 25 },
    "sourceSize": { "w": 33, "h": 32 },
    "duration": 100
   },
   "42": {
    "frame": { "x": 158, "y": 196, "w": 25, "h": 23 },
    "rotated": false,
    "trimmed": true,
    "spriteSourceSize": { "x": 5, "y": 5, "w": 23, "h": 21 },
    "sourceSize": { "w": 33, "h": 32 },
    "duration": 100
   },
   "43": {
    "frame": { "x": 184, "y": 196, "w": 25, "h": 23 },
    "rotated": false,
    "trimmed": true,
    "spriteSourceSize": { "x": 5, "y": 5, "w": 23, "h": 21 },
    "sourceSize": { "w": 33, "h": 32 },
    "duration": 100
   },
   "44": {
    "frame": { "x": 198, "y": 145, "w": 25, "h": 25 },
    "rotated": false,
    "trimmed": true,
    "spriteSourceSize": { "x": 5, "y": 4, "w": 23, "h": 23 },
    "sourceSize": { "w": 33, "h": 32 },
    "duration": 100
   },
   "45": {
    "frame": { "x": 172, "y": 116, "w": 25, "h": 26 },
    "rotated": false,
    "trimmed": true,
    "spriteSourceSize": { "x": 5, "y": 4, "w": 23, "h": 24 },
    "sourceSize": { "w": 33, "h": 32 },
    "duration": 100
   },
   "46": {
    "frame": { "x": 113, "y": 1, "w": 27, "h": 26 },
    "rotated": false,
    "trimmed": true,
    "spriteSourceSize": { "x": 1, "y": 3, "w": 25, "h": 24 },
    "sourceSize": { "w": 33, "h": 32 },
    "duration": 100
   },
   "47": {
    "frame": { "x": 26, "y": 197, "w": 24, "h": 21 },
    "rotated": false,
    "trimmed": true,
    "spriteSourceSize": { "x": 5, "y": 5, "w": 22, "h": 19 },
    "sourceSize": { "w": 33, "h": 32 },
    "duration": 100
   },
   "48": {
    "frame": { "x": 78, "y": 195, "w": 25, "h": 24 },
    "rotated": false,
    "trimmed": true,
    "spriteSourceSize": { "x": 2, "y": 4, "w": 23, "h": 22 },
    "sourceSize": { "w": 33, "h": 32 },
    "duration": 100
   },
   "49": {
    "frame": { "x": 1, "y": 58, "w": 25, "h": 27 },
    "rotated": false,
    "trimmed": true,
    "spriteSourceSize": { "x": 3, "y": 3, "w": 23, "h": 25 },
    "sourceSize": { "w": 33, "h": 32 },
    "duration": 100
   },
   "50": {
    "frame": { "x": 85, "y": 1, "w": 27, "h": 26 },
    "rotated": false,
    "trimmed": true,
    "spriteSourceSize": { "x": 2, "y": 2, "w": 25, "h": 24 },
    "sourceSize": { "w": 33, "h": 32 },
    "duration": 100
   },
   "51": {
    "frame": { "x": 104, "y": 195, "w": 26, "h": 23 },
    "rotated": false,
    "trimmed": true,
    "spriteSourceSize": { "x": 2, "y": 5, "w": 24, "h": 21 },
    "sourceSize": { "w": 33, "h": 32 },
    "duration": 100
   },
   "52": {
    "frame": { "x": 146, "y": 143, "w": 25, "h": 25 },
    "rotated": false,
    "trimmed": true,
    "spriteSourceSize": { "x": 4, "y": 3, "w": 23, "h": 23 },
    "sourceSize": { "w": 33, "h": 32 },
    "duration": 100
   },
   "53": {
    "frame": { "x": 1, "y": 145, "w": 24, "h": 26 },
    "rotated": false,
    "trimmed": true,
    "spriteSourceSize": { "x": 3, "y": 2, "w": 22, "h": 24 },
    "sourceSize": { "w": 33, "h": 32 },
    "duration": 100
   },
   "54": {
    "frame": { "x": 29, "y": 1, "w": 27, "h": 27 },
    "rotated": false,
    "trimmed": true,
    "spriteSourceSize": { "x": 1, "y": 4, "w": 25, "h": 25 },
    "sourceSize": { "w": 33, "h": 32 },
    "duration": 100
   },
   "55": {
    "frame": { "x": 190, "y": 30, "w": 28, "h": 25 },
    "rotated": false,
    "trimmed": true,
    "spriteSourceSize": { "x": 0, "y": 5, "w": 26, "h": 23 },
    "sourceSize": { "w": 33, "h": 32 },
    "duration": 100
   },
   "56": {
    "frame": { "x": 177, "y": 171, "w": 26, "h": 24 },
    "rotated": false,
    "trimmed": true,
    "spriteSourceSize": { "x": 2, "y": 5, "w": 24, "h": 22 },
    "sourceSize": { "w": 33, "h": 32 },
    "duration": 100
   },
   "57": {
    "frame": { "x": 103, "y": 85, "w": 25, "h": 27 },
    "rotated": false,
    "trimmed": true,
    "spriteSourceSize": { "x": 4, "y": 3, "w": 23, "h": 25 },
    "sourceSize": { "w": 33, "h": 32 },
    "duration": 100
   },
   "58": {
    "frame": { "x": 49, "y": 146, "w": 25, "h": 25 },
    "rotated": false,
    "trimmed": true,
    "spriteSourceSize": { "x": 5, "y": 5, "w": 23, "h": 23 },
    "sourceSize": { "w": 33, "h": 32 },
    "duration": 100
   },
   "59": {
    "frame": { "x": 125, "y": 169, "w": 25, "h": 25 },
    "rotated": false,
    "trimmed": true,
    "spriteSourceSize": { "x": 5, "y": 5, "w": 23, "h": 23 },
    "sourceSize": { "w": 33, "h": 32 },
    "duration": 100
   },
   "60": {
    "frame": { "x": 151, "y": 169, "w": 25, "h": 25 },
    "rotated": false,
    "trimmed": true,
    "spriteSourceSize": { "x": 5, "y": 5, "w": 23, "h": 23 },
    "sourceSize": { "w": 33, "h": 32 },
    "duration": 100
   },
   "61": {
    "frame": { "x": 172, "y": 143, "w": 25, "h": 25 },
    "rotated": false,
    "trimmed": true,
    "spriteSourceSize": { "x": 5, "y": 5, "w": 23, "h": 23 },
    "sourceSize": { "w": 33, "h": 32 },
    "duration": 100
   }
 },
 "meta": {
  "app": "http://www.aseprite.org/",
  "version": "1.2.25-x64",
  "image": "sheep.png",
  "format": "RGBA8888",
  "size": { "w": 223, "h": 219 },
  "scale": "1",
  "frameTags": [
   { "name": "idle_0", "from": 0, "to": 0, "direction": "forward" },
   { "name": "walk_0", "from": 1, "to": 2, "direction": "forward" },
   { "name": "idle_1", "from": 3, "to": 3, "direction": "forward" },
   { "name": "walk_1", "from": 4, "to": 5, "direction": "forward" },
   { "name": "idle_2", "from": 6, "to": 6, "direction": "forward" },
   { "name": "walk_2", "from": 7, "to": 8, "direction": "forward" },
   { "name": "idle_3", "from": 9, "to": 9, "direction": "forward" },
   { "name": "walk_3", "from": 10, "to": 11, "direction": "forward" },
   { "name": "idle_4", "from": 12, "to": 12, "direction": "forward" },
   { "name": "walk_4", "from": 13, "to": 14, "direction": "forward" },
   { "name": "idle_5", "from": 15, "to": 15, "direction": "forward" },
   { "name": "walk_5", "from": 16, "to": 17, "direction": "forward" },
   { "name": "idle_6", "from": 18, "to": 18, "direction": "forward" },
   { "name": "walk_6", "from": 19, "to": 20, "direction": "forward" },
   { "name": "idle_7", "from": 21, "to": 21, "direction": "forward" },
   { "name": "walk_7", "from": 22, "to": 23, "direction": "forward" },
   { "name": "look", "from": 24, "to": 25, "direction": "forward" },
   { "name": "roll_start_0", "from": 26, "to": 27, "direction": "forward" },
   { "name": "roll_rcv_0", "from": 28, "to": 29, "direction": "forward" },
   { "name": "roll_start_1", "from": 30, "to": 31, "direction": "forward" },
   { "name": "roll_rcv_1", "from": 32, "to": 33, "direction": "forward" },
   { "name": "roll_start_2", "from": 34, "to": 35, "direction": "forward" },
   { "name": "roll_rcv_2", "from": 36, "to": 37, "direction": "forward" },
   { "name": "roll_start_3", "from": 38, "to": 39, "direction": "forward" },
   { "name": "roll_rcv_3", "from": 40, "to": 41, "direction": "forward" },
   { "name": "roll_start_4", "from": 42, "to": 43, "direction": "forward" },
   { "name": "roll_rcv_4", "from": 44, "to": 45, "direction": "forward" },
   { "name": "roll_start_5", "from": 46, "to": 47, "direction": "forward" },
   { "name": "roll_rcv_5", "from": 48, "to": 49, "direction": "forward" },
   { "name": "roll_start_6", "from": 50, "to": 51, "direction": "forward" },
   { "name": "roll_rcv_6", "from": 52, "to": 53, "direction": "forward" },
   { "name": "roll_start_7", "from": 54, "to": 55, "direction": "forward" },
   { "name": "roll_rcv_7", "from": 56, "to": 57, "direction": "forward" },
   { "name": "roll", "from": 58, "to": 61, "direction": "forward" }
  ],
  "layers": [
   { "name": "Layer 2", "opacity": 255, "blendMode": "normal" }
  ],
  "slices": [
  ]
 }
}
