{ "frames": {
   "0": {
    "frame": { "x": 1, "y": 1, "w": 87, "h": 19 },
    "rotated": false,
    "trimmed": false,
    "spriteSourceSize": { "x": 0, "y": 0, "w": 85, "h": 17 },
    "sourceSize": { "w": 85, "h": 17 },
    "duration": 100
   },
   "1": {
    "frame": { "x": 89, "y": 1, "w": 87, "h": 17 },
    "rotated": false,
    "trimmed": true,
    "spriteSourceSize": { "x": 0, "y": 2, "w": 85, "h": 15 },
    "sourceSize": { "w": 85, "h": 17 },
    "duration": 100
   }
 },
 "meta": {
  "app": "http://www.aseprite.org/",
  "version": "1.2.27-x64",
  "image": "tutorial.png",
  "format": "I8",
  "size": { "w": 176, "h": 20 },
  "scale": "1",
  "frameTags": [
   { "name": "Click", "from": 0, "to": 1, "direction": "forward" }
  ]
 }
}
